-- =============================================================================
-- 智能客服知识库 — 演示数据补充 batch2（5 普通用户 + 50 条知识 + 随机互动）
-- =============================================================================
-- ID 段：用户 1121–1125 / 文章 4131–4180 / 文章标签 41301+ /
--       评论 44301+ / 点赞 45301+ / 浏览 46301+ / 搜索 47301+
-- 前置：demo_data.sql + demo_data_community.sql（复用分类 2001+、标签 3001+）
-- 密码：user12–user16 均为 123456
-- 运行：
--   mysql -u kb -p123456 --default-character-set=utf8mb4 kb < server/src/main/resources/db/demo/demo_data_batch2.sql
-- =============================================================================

SET NAMES utf8mb4;
START TRANSACTION;

DELETE FROM kb_search_log WHERE id >= 47301;
DELETE FROM kb_view_log WHERE id >= 46301;
DELETE FROM kb_like WHERE id >= 45301;
DELETE FROM kb_comment WHERE id >= 44301;
DELETE FROM kb_favorite WHERE id >= 42301 AND id <= 42399;
DELETE FROM kb_article_tag WHERE id >= 41301 AND id <= 41499;
DELETE FROM kb_usage_stat WHERE id >= 48301 AND id <= 48399;
DELETE FROM kb_article WHERE id >= 4131 AND id <= 4180;
DELETE FROM sys_user_role WHERE id >= 1121 AND id <= 1125;
DELETE FROM sys_user WHERE id >= 1121 AND id <= 1125;

INSERT INTO sys_user (id, org_id, username, password, real_name, nickname, email, phone, gender, status, last_login_time, last_login_ip, remark, create_by, create_time, deleted) VALUES
  (1121, 1001, 'user12', '$2a$10$N.zmdr9k7uOCQb376NoUnuTJ8iAt6Z5EHsM8lE9lBOsl7iKTVKIUi', '马阅读', '小马', 'ma2@demo.com', '13900000011', 'M', 'ENABLED', DATE_SUB(NOW(), INTERVAL 3 HOUR), '192.168.3.10', '社区浏览用户', 1, NOW(), 0),
  (1122, 1001, 'user13', '$2a$10$N.zmdr9k7uOCQb376NoUnuTJ8iAt6Z5EHsM8lE9lBOsl7iKTVKIUi', '杨搜索', '小杨', 'yang@demo.com', '13900000012', 'F', 'ENABLED', DATE_SUB(NOW(), INTERVAL 6 HOUR), '192.168.3.11', '检索偏好明显', 1, NOW(), 0),
  (1123, 1001, 'user14', '$2a$10$N.zmdr9k7uOCQb376NoUnuTJ8iAt6Z5EHsM8lE9lBOsl7iKTVKIUi', '孙点赞', '小孙', 'sun2@demo.com', '13900000013', 'M', 'ENABLED', DATE_SUB(NOW(), INTERVAL 9 HOUR), '192.168.3.12', '互动活跃用户', 1, NOW(), 0),
  (1124, 1001, 'user15', '$2a$10$N.zmdr9k7uOCQb376NoUnuTJ8iAt6Z5EHsM8lE9lBOsl7iKTVKIUi', '钱社区', '小钱', 'qian2@demo.com', '13900000014', 'F', 'ENABLED', DATE_SUB(NOW(), INTERVAL 12 HOUR), '192.168.3.13', '评论较多', 1, NOW(), 0),
  (1125, 1001, 'user16', '$2a$10$N.zmdr9k7uOCQb376NoUnuTJ8iAt6Z5EHsM8lE9lBOsl7iKTVKIUi', '周活跃', '小周', 'zhou2@demo.com', '13900000015', 'U', 'ENABLED', DATE_SUB(NOW(), INTERVAL 15 HOUR), '192.168.3.14', '综合行为样本', 1, NOW(), 0);

INSERT INTO sys_user_role (id, user_id, role_id) VALUES
  (1121, 1121, 5),
  (1122, 1122, 5),
  (1123, 1123, 5),
  (1124, 1124, 5),
  (1125, 1125, 5);

INSERT INTO kb_article (id, title, category_id, knowledge_type, summary, content, status, source, author_id, current_version, online_time, view_count, like_count, dislike_count, favorite_count, comment_count, create_by, create_time, update_by, update_time, deleted) VALUES
  (4131, '云盘会员权益说明', 2022, 'PRODUCT', '云盘会员容量、共享与续费规则。', '<h3>概述</h3><p>云盘会员容量、共享与续费规则。</p><h3>要点</h3><p>本条目为演示数据 batch2，用于社区与推荐测试。</p>', 'ONLINE', 'MANUAL', 1001, 1, DATE_SUB(NOW(), INTERVAL 50 DAY), 590, 41, 1, 5, 7, 1001, DATE_SUB(NOW(), INTERVAL 51 DAY), 1001, DATE_SUB(NOW(), INTERVAL 50 DAY), 0),
  (4132, '来电显示与骚扰拦截', 2022, 'PRODUCT', '来电显示开通、骚扰电话标记与拦截设置。', '<h3>概述</h3><p>来电显示开通、骚扰电话标记与拦截设置。</p><h3>要点</h3><p>本条目为演示数据 batch2，用于社区与推荐测试。</p>', 'ONLINE', 'MANUAL', 1001, 1, DATE_SUB(NOW(), INTERVAL 49 DAY), 385, 53, 2, 26, 2, 1001, DATE_SUB(NOW(), INTERVAL 50 DAY), 1001, DATE_SUB(NOW(), INTERVAL 49 DAY), 0),
  (4133, '家庭共享流量池使用规则', 2021, 'PRODUCT', '家庭成员共享流量、超出计费与提醒。', '<h3>概述</h3><p>家庭成员共享流量、超出计费与提醒。</p><h3>要点</h3><p>本条目为演示数据 batch2，用于社区与推荐测试。</p>', 'ONLINE', 'MANUAL', 1001, 1, DATE_SUB(NOW(), INTERVAL 48 DAY), 211, 16, 2, 5, 5, 1001, DATE_SUB(NOW(), INTERVAL 49 DAY), 1001, DATE_SUB(NOW(), INTERVAL 48 DAY), 0),
  (4134, '5G消息功能介绍', 2022, 'PRODUCT', '5G消息与传统短信的区别及开通方式。', '<h3>概述</h3><p>5G消息与传统短信的区别及开通方式。</p><h3>要点</h3><p>本条目为演示数据 batch2，用于社区与推荐测试。</p>', 'ONLINE', 'MANUAL', 1001, 1, DATE_SUB(NOW(), INTERVAL 47 DAY), 158, 25, 0, 6, 1, 1001, DATE_SUB(NOW(), INTERVAL 48 DAY), 1001, DATE_SUB(NOW(), INTERVAL 47 DAY), 0),
  (4135, '套餐外流量加餐包推荐', 2011, 'SCRIPT', '流量超出时的加餐包选择与办理话术。', '<h3>概述</h3><p>流量超出时的加餐包选择与办理话术。</p><h3>要点</h3><p>本条目为演示数据 batch2，用于社区与推荐测试。</p>', 'ONLINE', 'MANUAL', 1001, 1, DATE_SUB(NOW(), INTERVAL 46 DAY), 525, 80, 0, 20, 1, 1001, DATE_SUB(NOW(), INTERVAL 47 DAY), 1001, DATE_SUB(NOW(), INTERVAL 46 DAY), 0),
  (4136, '合约机解约违约金计算', 2032, 'SCRIPT', '合约期内解约条件、违约金公式与减免政策。', '<h3>概述</h3><p>合约期内解约条件、违约金公式与减免政策。</p><h3>要点</h3><p>本条目为演示数据 batch2，用于社区与推荐测试。</p>', 'ONLINE', 'MANUAL', 1001, 1, DATE_SUB(NOW(), INTERVAL 45 DAY), 691, 89, 1, 12, 0, 1001, DATE_SUB(NOW(), INTERVAL 46 DAY), 1001, DATE_SUB(NOW(), INTERVAL 45 DAY), 0),
  (4137, '靓号低消与过户规则', 2031, 'SCRIPT', '靓号最低消费、过户与携转限制说明。', '<h3>概述</h3><p>靓号最低消费、过户与携转限制说明。</p><h3>要点</h3><p>本条目为演示数据 batch2，用于社区与推荐测试。</p>', 'ONLINE', 'MANUAL', 1001, 1, DATE_SUB(NOW(), INTERVAL 44 DAY), 139, 10, 3, 3, 0, 1001, DATE_SUB(NOW(), INTERVAL 45 DAY), 1001, DATE_SUB(NOW(), INTERVAL 44 DAY), 0),
  (4138, '家庭宽带移机办理流程', 2012, 'SCRIPT', '宽带移机申请、费用与施工时效。', '<h3>概述</h3><p>宽带移机申请、费用与施工时效。</p><h3>要点</h3><p>本条目为演示数据 batch2，用于社区与推荐测试。</p>', 'ONLINE', 'MANUAL', 1001, 1, DATE_SUB(NOW(), INTERVAL 43 DAY), 467, 39, 1, 14, 0, 1001, DATE_SUB(NOW(), INTERVAL 44 DAY), 1001, DATE_SUB(NOW(), INTERVAL 43 DAY), 0),
  (4139, '光猫桥接与路由模式切换', 2022, 'PRODUCT', '光猫工作模式说明及不建议自行改桥接的提醒。', '<h3>概述</h3><p>光猫工作模式说明及不建议自行改桥接的提醒。</p><h3>要点</h3><p>本条目为演示数据 batch2，用于社区与推荐测试。</p>', 'ONLINE', 'MANUAL', 1001, 1, DATE_SUB(NOW(), INTERVAL 42 DAY), 259, 16, 0, 6, 4, 1001, DATE_SUB(NOW(), INTERVAL 43 DAY), 1001, DATE_SUB(NOW(), INTERVAL 42 DAY), 0),
  (4140, 'IPTV直播卡顿排查', 2012, 'SCRIPT', 'IPTV卡顿常见原因：带宽、网线、机顶盒。', '<h3>概述</h3><p>IPTV卡顿常见原因：带宽、网线、机顶盒。</p><h3>要点</h3><p>本条目为演示数据 batch2，用于社区与推荐测试。</p>', 'ONLINE', 'MANUAL', 1001, 1, DATE_SUB(NOW(), INTERVAL 41 DAY), 549, 44, 4, 14, 4, 1001, DATE_SUB(NOW(), INTERVAL 42 DAY), 1001, DATE_SUB(NOW(), INTERVAL 41 DAY), 0),
  (4141, '手机销户余额退还', 2032, 'SCRIPT', '销户后预存余额退还渠道与时限。', '<h3>概述</h3><p>销户后预存余额退还渠道与时限。</p><h3>要点</h3><p>本条目为演示数据 batch2，用于社区与推荐测试。</p>', 'ONLINE', 'MANUAL', 1001, 1, DATE_SUB(NOW(), INTERVAL 40 DAY), 248, 34, 1, 9, 5, 1001, DATE_SUB(NOW(), INTERVAL 41 DAY), 1001, DATE_SUB(NOW(), INTERVAL 40 DAY), 0),
  (4142, '集团客户开票信息维护', 2005, 'OFFICE', '政企客户增值税发票抬头变更流程。', '<h3>概述</h3><p>政企客户增值税发票抬头变更流程。</p><h3>要点</h3><p>本条目为演示数据 batch2，用于社区与推荐测试。</p>', 'ONLINE', 'MANUAL', 1001, 1, DATE_SUB(NOW(), INTERVAL 39 DAY), 229, 19, 3, 10, 0, 1001, DATE_SUB(NOW(), INTERVAL 40 DAY), 1001, DATE_SUB(NOW(), INTERVAL 39 DAY), 0),
  (4143, '坐席转接与三方通话', 2011, 'SCRIPT', '转接专家席、三方核实的话术与操作。', '<h3>概述</h3><p>转接专家席、三方核实的话术与操作。</p><h3>要点</h3><p>本条目为演示数据 batch2，用于社区与推荐测试。</p>', 'ONLINE', 'MANUAL', 1001, 1, DATE_SUB(NOW(), INTERVAL 38 DAY), 635, 7, 4, 5, 1, 1001, DATE_SUB(NOW(), INTERVAL 39 DAY), 1001, DATE_SUB(NOW(), INTERVAL 38 DAY), 0),
  (4144, '客户要求书面回复的处理', 2013, 'SCRIPT', '客户索要书面答复的登记、审批与寄送。', '<h3>概述</h3><p>客户索要书面答复的登记、审批与寄送。</p><h3>要点</h3><p>本条目为演示数据 batch2，用于社区与推荐测试。</p>', 'ONLINE', 'MANUAL', 1001, 1, DATE_SUB(NOW(), INTERVAL 37 DAY), 427, 13, 1, 3, 0, 1001, DATE_SUB(NOW(), INTERVAL 38 DAY), 1001, DATE_SUB(NOW(), INTERVAL 37 DAY), 0),
  (4145, '重复投诉识别与合并', 2013, 'SCRIPT', '同一诉求重复进线的识别与工单合并。', '<h3>概述</h3><p>同一诉求重复进线的识别与工单合并。</p><h3>要点</h3><p>本条目为演示数据 batch2，用于社区与推荐测试。</p>', 'ONLINE', 'MANUAL', 1001, 1, DATE_SUB(NOW(), INTERVAL 36 DAY), 848, 37, 2, 11, 10, 1001, DATE_SUB(NOW(), INTERVAL 37 DAY), 1001, DATE_SUB(NOW(), INTERVAL 36 DAY), 0),
  (4146, '高龄客户语速放慢话术', 2012, 'SCRIPT', '服务老年客户时的语速、复述与确认技巧。', '<h3>概述</h3><p>服务老年客户时的语速、复述与确认技巧。</p><h3>要点</h3><p>本条目为演示数据 batch2，用于社区与推荐测试。</p>', 'ONLINE', 'MANUAL', 1001, 1, DATE_SUB(NOW(), INTERVAL 35 DAY), 261, 36, 1, 16, 1, 1001, DATE_SUB(NOW(), INTERVAL 36 DAY), 1001, DATE_SUB(NOW(), INTERVAL 35 DAY), 0),
  (4147, '外籍客户基础英语服务', 2011, 'SCRIPT', '常见业务场景的英语应答模板。', '<h3>概述</h3><p>常见业务场景的英语应答模板。</p><h3>要点</h3><p>本条目为演示数据 batch2，用于社区与推荐测试。</p>', 'ONLINE', 'MANUAL', 1001, 1, DATE_SUB(NOW(), INTERVAL 34 DAY), 493, 31, 3, 15, 7, 1001, DATE_SUB(NOW(), INTERVAL 35 DAY), 1001, DATE_SUB(NOW(), INTERVAL 34 DAY), 0),
  (4148, 'APP密码重置与找回', 2022, 'PRODUCT', '官方APP登录密码、服务密码重置路径。', '<h3>概述</h3><p>官方APP登录密码、服务密码重置路径。</p><h3>要点</h3><p>本条目为演示数据 batch2，用于社区与推荐测试。</p>', 'ONLINE', 'MANUAL', 1001, 1, DATE_SUB(NOW(), INTERVAL 33 DAY), 186, 21, 2, 10, 1, 1001, DATE_SUB(NOW(), INTERVAL 34 DAY), 1001, DATE_SUB(NOW(), INTERVAL 33 DAY), 0),
  (4149, '短信验证码收不到排查', 2012, 'SCRIPT', '验证码延迟、拦截、黑名单等排查步骤。', '<h3>概述</h3><p>验证码延迟、拦截、黑名单等排查步骤。</p><h3>要点</h3><p>本条目为演示数据 batch2，用于社区与推荐测试。</p>', 'ONLINE', 'MANUAL', 1001, 1, DATE_SUB(NOW(), INTERVAL 32 DAY), 384, 32, 1, 5, 5, 1001, DATE_SUB(NOW(), INTERVAL 33 DAY), 1001, DATE_SUB(NOW(), INTERVAL 32 DAY), 0),
  (4150, '双停与单停区别说明', 2032, 'SCRIPT', '呼出单停、呼入呼出双停的业务含义。', '<h3>概述</h3><p>呼出单停、呼入呼出双停的业务含义。</p><h3>要点</h3><p>本条目为演示数据 batch2，用于社区与推荐测试。</p>', 'ONLINE', 'MANUAL', 1001, 1, DATE_SUB(NOW(), INTERVAL 31 DAY), 423, 39, 4, 12, 7, 1001, DATE_SUB(NOW(), INTERVAL 32 DAY), 1001, DATE_SUB(NOW(), INTERVAL 31 DAY), 0),
  (4151, '保号停机办理与恢复', 2032, 'SCRIPT', '长期不用号码保号停机资费与恢复。', '<h3>概述</h3><p>长期不用号码保号停机资费与恢复。</p><h3>要点</h3><p>本条目为演示数据 batch2，用于社区与推荐测试。</p>', 'ONLINE', 'MANUAL', 1001, 1, DATE_SUB(NOW(), INTERVAL 30 DAY), 582, 11, 4, 5, 2, 1001, DATE_SUB(NOW(), INTERVAL 31 DAY), 1001, DATE_SUB(NOW(), INTERVAL 30 DAY), 0),
  (4152, '亲情网组网与短号', 2021, 'PRODUCT', '亲情网成员添加、短号互拨与资费。', '<h3>概述</h3><p>亲情网成员添加、短号互拨与资费。</p><h3>要点</h3><p>本条目为演示数据 batch2，用于社区与推荐测试。</p>', 'ONLINE', 'MANUAL', 1001, 1, DATE_SUB(NOW(), INTERVAL 29 DAY), 739, 40, 2, 16, 9, 1001, DATE_SUB(NOW(), INTERVAL 30 DAY), 1001, DATE_SUB(NOW(), INTERVAL 29 DAY), 0),
  (4153, '国际长途直拨资费', 2022, 'PRODUCT', '常见国家长途资费与优惠包。', '<h3>概述</h3><p>常见国家长途资费与优惠包。</p><h3>要点</h3><p>本条目为演示数据 batch2，用于社区与推荐测试。</p>', 'ONLINE', 'MANUAL', 1001, 1, DATE_SUB(NOW(), INTERVAL 28 DAY), 828, 46, 0, 21, 8, 1001, DATE_SUB(NOW(), INTERVAL 29 DAY), 1001, DATE_SUB(NOW(), INTERVAL 28 DAY), 0),
  (4154, '儿童手表套餐与定位', 2021, 'PRODUCT', '儿童手表专用套餐、定位与防骚扰。', '<h3>概述</h3><p>儿童手表专用套餐、定位与防骚扰。</p><h3>要点</h3><p>本条目为演示数据 batch2，用于社区与推荐测试。</p>', 'ONLINE', 'MANUAL', 1001, 1, DATE_SUB(NOW(), INTERVAL 27 DAY), 208, 16, 4, 3, 6, 1001, DATE_SUB(NOW(), INTERVAL 28 DAY), 1001, DATE_SUB(NOW(), INTERVAL 27 DAY), 0),
  (4155, '企业彩铃与统付说明', 2022, 'PRODUCT', '集团彩铃开通、统付与成员管理。', '<h3>概述</h3><p>集团彩铃开通、统付与成员管理。</p><h3>要点</h3><p>本条目为演示数据 batch2，用于社区与推荐测试。</p>', 'ONLINE', 'MANUAL', 1001, 1, DATE_SUB(NOW(), INTERVAL 26 DAY), 152, 10, 2, 5, 0, 1001, DATE_SUB(NOW(), INTERVAL 27 DAY), 1001, DATE_SUB(NOW(), INTERVAL 26 DAY), 0),
  (4156, '营业厅无纸化签字指引', 2004, 'TRAIN', '平板电子签名、协议推送的操作培训。', '<h3>概述</h3><p>平板电子签名、协议推送的操作培训。</p><h3>要点</h3><p>本条目为演示数据 batch2，用于社区与推荐测试。</p>', 'ONLINE', 'MANUAL', 1001, 1, DATE_SUB(NOW(), INTERVAL 25 DAY), 727, 73, 3, 25, 11, 1001, DATE_SUB(NOW(), INTERVAL 26 DAY), 1001, DATE_SUB(NOW(), INTERVAL 25 DAY), 0),
  (4157, '工单回单规范与示例', 2004, 'TRAIN', '工单结案描述要素、附件与回访标记。', '<h3>概述</h3><p>工单结案描述要素、附件与回访标记。</p><h3>要点</h3><p>本条目为演示数据 batch2，用于社区与推荐测试。</p>', 'ONLINE', 'MANUAL', 1001, 1, DATE_SUB(NOW(), INTERVAL 24 DAY), 401, 49, 1, 5, 3, 1001, DATE_SUB(NOW(), INTERVAL 25 DAY), 1001, DATE_SUB(NOW(), INTERVAL 24 DAY), 0),
  (4158, '知识库文章纠错流程', 2005, 'OFFICE', '坐席发现知识错误时的反馈与修订流程。', '<h3>概述</h3><p>坐席发现知识错误时的反馈与修订流程。</p><h3>要点</h3><p>本条目为演示数据 batch2，用于社区与推荐测试。</p>', 'ONLINE', 'MANUAL', 1001, 1, DATE_SUB(NOW(), INTERVAL 23 DAY), 250, 12, 0, 2, 3, 1001, DATE_SUB(NOW(), INTERVAL 24 DAY), 1001, DATE_SUB(NOW(), INTERVAL 23 DAY), 0),
  (4159, '节假日流量包促销', 2011, 'SCRIPT', '春节/国庆流量包卖点与办理限制。', '<h3>概述</h3><p>春节/国庆流量包卖点与办理限制。</p><h3>要点</h3><p>本条目为演示数据 batch2，用于社区与推荐测试。</p>', 'ONLINE', 'MANUAL', 1001, 1, DATE_SUB(NOW(), INTERVAL 22 DAY), 72, 13, 3, 8, 0, 1001, DATE_SUB(NOW(), INTERVAL 23 DAY), 1001, DATE_SUB(NOW(), INTERVAL 22 DAY), 0),
  (4160, '校园卡毕业转套餐话术', 2011, 'SCRIPT', '毕业生套餐到期转档的推荐方案。', '<h3>概述</h3><p>毕业生套餐到期转档的推荐方案。</p><h3>要点</h3><p>本条目为演示数据 batch2，用于社区与推荐测试。</p>', 'ONLINE', 'MANUAL', 1001, 1, DATE_SUB(NOW(), INTERVAL 21 DAY), 242, 28, 2, 6, 2, 1001, DATE_SUB(NOW(), INTERVAL 22 DAY), 1001, DATE_SUB(NOW(), INTERVAL 21 DAY), 0),
  (4161, '宽带测速不达标解释', 2012, 'SCRIPT', '无线测速与有线差异、峰值与共享带宽。', '<h3>概述</h3><p>无线测速与有线差异、峰值与共享带宽。</p><h3>要点</h3><p>本条目为演示数据 batch2，用于社区与推荐测试。</p>', 'ONLINE', 'MANUAL', 1001, 1, DATE_SUB(NOW(), INTERVAL 20 DAY), 293, 31, 3, 11, 3, 1001, DATE_SUB(NOW(), INTERVAL 21 DAY), 1001, DATE_SUB(NOW(), INTERVAL 20 DAY), 0),
  (4162, '路由器Wi-Fi6选购建议', 2022, 'PRODUCT', 'Wi-Fi6优势、与千兆宽带搭配建议。', '<h3>概述</h3><p>Wi-Fi6优势、与千兆宽带搭配建议。</p><h3>要点</h3><p>本条目为演示数据 batch2，用于社区与推荐测试。</p>', 'ONLINE', 'MANUAL', 1001, 1, DATE_SUB(NOW(), INTERVAL 19 DAY), 118, 5, 3, 3, 0, 1001, DATE_SUB(NOW(), INTERVAL 20 DAY), 1001, DATE_SUB(NOW(), INTERVAL 19 DAY), 0),
  (4163, '手机贴膜与延保服务', 2011, 'SCRIPT', '门店增值服务的介绍与自愿办理原则。', '<h3>概述</h3><p>门店增值服务的介绍与自愿办理原则。</p><h3>要点</h3><p>本条目为演示数据 batch2，用于社区与推荐测试。</p>', 'ONLINE', 'MANUAL', 1001, 1, DATE_SUB(NOW(), INTERVAL 18 DAY), 666, 64, 3, 18, 4, 1001, DATE_SUB(NOW(), INTERVAL 19 DAY), 1001, DATE_SUB(NOW(), INTERVAL 18 DAY), 0),
  (4164, '客户录音调取申请说明', 2005, 'OFFICE', '客户申请调取通话录音的合规流程。', '<h3>概述</h3><p>客户申请调取通话录音的合规流程。</p><h3>要点</h3><p>本条目为演示数据 batch2，用于社区与推荐测试。</p>', 'ONLINE', 'MANUAL', 1001, 1, DATE_SUB(NOW(), INTERVAL 17 DAY), 212, 10, 1, 3, 0, 1001, DATE_SUB(NOW(), INTERVAL 18 DAY), 1001, DATE_SUB(NOW(), INTERVAL 17 DAY), 0),
  (4165, '恶意投诉与威胁应对', 2013, 'SCRIPT', '面对威胁投诉时的安全与上报流程。', '<h3>概述</h3><p>面对威胁投诉时的安全与上报流程。</p><h3>要点</h3><p>本条目为演示数据 batch2，用于社区与推荐测试。</p>', 'ONLINE', 'MANUAL', 1001, 1, DATE_SUB(NOW(), INTERVAL 16 DAY), 223, 26, 2, 8, 8, 1001, DATE_SUB(NOW(), INTERVAL 17 DAY), 1001, DATE_SUB(NOW(), INTERVAL 16 DAY), 0),
  (4166, '套餐内定向流量范围', 2021, 'PRODUCT', '定向流量适用APP列表与不计入规则。', '<h3>概述</h3><p>定向流量适用APP列表与不计入规则。</p><h3>要点</h3><p>本条目为演示数据 batch2，用于社区与推荐测试。</p>', 'ONLINE', 'MANUAL', 1001, 1, DATE_SUB(NOW(), INTERVAL 15 DAY), 685, 41, 2, 6, 0, 1001, DATE_SUB(NOW(), INTERVAL 16 DAY), 1001, DATE_SUB(NOW(), INTERVAL 15 DAY), 0),
  (4167, 'eSIM手表独立号办理', 2022, 'PRODUCT', '手表独立eSIM号码开通与套餐。', '<h3>概述</h3><p>手表独立eSIM号码开通与套餐。</p><h3>要点</h3><p>本条目为演示数据 batch2，用于社区与推荐测试。</p>', 'ONLINE', 'MANUAL', 1001, 1, DATE_SUB(NOW(), INTERVAL 14 DAY), 830, 8, 0, 6, 0, 1001, DATE_SUB(NOW(), INTERVAL 15 DAY), 1001, DATE_SUB(NOW(), INTERVAL 14 DAY), 0),
  (4168, '固话呼转设置方法', 2022, 'PRODUCT', '无条件/遇忙/无应答呼转代码。', '<h3>概述</h3><p>无条件/遇忙/无应答呼转代码。</p><h3>要点</h3><p>本条目为演示数据 batch2，用于社区与推荐测试。</p>', 'ONLINE', 'MANUAL', 1001, 1, DATE_SUB(NOW(), INTERVAL 13 DAY), 67, 5, 2, 3, 2, 1001, DATE_SUB(NOW(), INTERVAL 14 DAY), 1001, DATE_SUB(NOW(), INTERVAL 13 DAY), 0),
  (4169, '家庭安防摄像头套餐', 2021, 'PRODUCT', '云存储套餐、回看时长与共享账号。', '<h3>概述</h3><p>云存储套餐、回看时长与共享账号。</p><h3>要点</h3><p>本条目为演示数据 batch2，用于社区与推荐测试。</p>', 'ONLINE', 'MANUAL', 1001, 1, DATE_SUB(NOW(), INTERVAL 12 DAY), 550, 5, 1, 2, 1, 1001, DATE_SUB(NOW(), INTERVAL 13 DAY), 1001, DATE_SUB(NOW(), INTERVAL 12 DAY), 0),
  (4170, '客户信息脱敏展示规范', 2004, 'TRAIN', '界面展示手机号、身份证的掩码规则。', '<h3>概述</h3><p>界面展示手机号、身份证的掩码规则。</p><h3>要点</h3><p>本条目为演示数据 batch2，用于社区与推荐测试。</p>', 'ONLINE', 'MANUAL', 1001, 1, DATE_SUB(NOW(), INTERVAL 11 DAY), 334, 31, 0, 18, 2, 1001, DATE_SUB(NOW(), INTERVAL 12 DAY), 1001, DATE_SUB(NOW(), INTERVAL 11 DAY), 0),
  (4171, '跨区补卡限制说明', 2031, 'SCRIPT', '部分品牌/套餐异地补卡限制与替代方案。', '<h3>概述</h3><p>部分品牌/套餐异地补卡限制与替代方案。</p><h3>要点</h3><p>本条目为演示数据 batch2，用于社区与推荐测试。</p>', 'ONLINE', 'MANUAL', 1001, 1, DATE_SUB(NOW(), INTERVAL 10 DAY), 363, 8, 3, 1, 3, 1001, DATE_SUB(NOW(), INTERVAL 11 DAY), 1001, DATE_SUB(NOW(), INTERVAL 10 DAY), 0),
  (4172, '流量银行转赠规则', 2021, 'PRODUCT', '可转赠流量类型、次数与有效期。', '<h3>概述</h3><p>可转赠流量类型、次数与有效期。</p><h3>要点</h3><p>本条目为演示数据 batch2，用于社区与推荐测试。</p>', 'ONLINE', 'MANUAL', 1001, 1, DATE_SUB(NOW(), INTERVAL 9 DAY), 517, 22, 1, 7, 3, 1001, DATE_SUB(NOW(), INTERVAL 10 DAY), 1001, DATE_SUB(NOW(), INTERVAL 9 DAY), 0),
  (4173, 'VoLTE高清通话开通', 2022, 'PRODUCT', 'VoLTE功能、终端设置与故障排查。', '<h3>概述</h3><p>VoLTE功能、终端设置与故障排查。</p><h3>要点</h3><p>本条目为演示数据 batch2，用于社区与推荐测试。</p>', 'ONLINE', 'MANUAL', 1001, 1, DATE_SUB(NOW(), INTERVAL 8 DAY), 213, 32, 2, 7, 1, 1001, DATE_SUB(NOW(), INTERVAL 9 DAY), 1001, DATE_SUB(NOW(), INTERVAL 8 DAY), 0),
  (4174, '套餐变更次月生效解释', 2011, 'SCRIPT', '升档降档生效规则与账单周期说明。', '<h3>概述</h3><p>升档降档生效规则与账单周期说明。</p><h3>要点</h3><p>本条目为演示数据 batch2，用于社区与推荐测试。</p>', 'ONLINE', 'MANUAL', 1001, 1, DATE_SUB(NOW(), INTERVAL 7 DAY), 563, 17, 4, 1, 4, 1001, DATE_SUB(NOW(), INTERVAL 8 DAY), 1001, DATE_SUB(NOW(), INTERVAL 7 DAY), 0),
  (4175, '客户索要经理电话应对', 2013, 'SCRIPT', '不得私自给个人号码，升级通道话术。', '<h3>概述</h3><p>不得私自给个人号码，升级通道话术。</p><h3>要点</h3><p>本条目为演示数据 batch2，用于社区与推荐测试。</p>', 'ONLINE', 'MANUAL', 1001, 1, DATE_SUB(NOW(), INTERVAL 6 DAY), 693, 71, 4, 12, 8, 1001, DATE_SUB(NOW(), INTERVAL 7 DAY), 1001, DATE_SUB(NOW(), INTERVAL 6 DAY), 0),
  (4176, '营业厅排队高峰疏导', 2012, 'SCRIPT', '高峰时段引导线上办理与预约。', '<h3>概述</h3><p>高峰时段引导线上办理与预约。</p><h3>要点</h3><p>本条目为演示数据 batch2，用于社区与推荐测试。</p>', 'ONLINE', 'MANUAL', 1001, 1, DATE_SUB(NOW(), INTERVAL 5 DAY), 581, 44, 2, 1, 10, 1001, DATE_SUB(NOW(), INTERVAL 6 DAY), 1001, DATE_SUB(NOW(), INTERVAL 5 DAY), 0),
  (4177, '智家工程师上门规范', 2004, 'TRAIN', '着装、工牌、收费透明与满意度邀评。', '<h3>概述</h3><p>着装、工牌、收费透明与满意度邀评。</p><h3>要点</h3><p>本条目为演示数据 batch2，用于社区与推荐测试。</p>', 'ONLINE', 'MANUAL', 1001, 1, DATE_SUB(NOW(), INTERVAL 4 DAY), 871, 58, 3, 20, 4, 1001, DATE_SUB(NOW(), INTERVAL 5 DAY), 1001, DATE_SUB(NOW(), INTERVAL 4 DAY), 0),
  (4178, '反诈停机复核流程', 2031, 'SCRIPT', '涉诈停机后的复核材料与复开时效。', '<h3>概述</h3><p>涉诈停机后的复核材料与复开时效。</p><h3>要点</h3><p>本条目为演示数据 batch2，用于社区与推荐测试。</p>', 'ONLINE', 'MANUAL', 1001, 1, DATE_SUB(NOW(), INTERVAL 3 DAY), 537, 60, 3, 10, 2, 1001, DATE_SUB(NOW(), INTERVAL 4 DAY), 1001, DATE_SUB(NOW(), INTERVAL 3 DAY), 0),
  (4179, '多终端同时登录限制', 2022, 'PRODUCT', 'APP同时在线设备数与会话踢出规则。', '<h3>概述</h3><p>APP同时在线设备数与会话踢出规则。</p><h3>要点</h3><p>本条目为演示数据 batch2，用于社区与推荐测试。</p>', 'ONLINE', 'MANUAL', 1001, 1, DATE_SUB(NOW(), INTERVAL 2 DAY), 716, 10, 1, 4, 4, 1001, DATE_SUB(NOW(), INTERVAL 3 DAY), 1001, DATE_SUB(NOW(), INTERVAL 2 DAY), 0),
  (4180, '客户满意度调查话术', 2011, 'SCRIPT', '通话结束前满意度邀评的自然话术。', '<h3>概述</h3><p>通话结束前满意度邀评的自然话术。</p><h3>要点</h3><p>本条目为演示数据 batch2，用于社区与推荐测试。</p>', 'ONLINE', 'MANUAL', 1001, 1, DATE_SUB(NOW(), INTERVAL 1 DAY), 644, 20, 2, 6, 8, 1001, DATE_SUB(NOW(), INTERVAL 2 DAY), 1001, DATE_SUB(NOW(), INTERVAL 1 DAY), 0);

INSERT INTO kb_article_tag (id, article_id, tag_id) VALUES
  (41301, 4131, 3006),
  (41302, 4131, 3018),
  (41303, 4131, 3001),
  (41304, 4132, 3009),
  (41305, 4132, 3010),
  (41306, 4133, 3013),
  (41307, 4133, 3006),
  (41308, 4134, 3011),
  (41309, 4134, 3001),
  (41310, 4135, 3006),
  (41311, 4135, 3011),
  (41312, 4136, 3004),
  (41313, 4136, 3003),
  (41314, 4137, 3007),
  (41315, 4137, 3014),
  (41316, 4137, 3001),
  (41317, 4138, 3012),
  (41318, 4138, 3010),
  (41319, 4139, 3012),
  (41320, 4139, 3017),
  (41321, 4140, 3012),
  (41322, 4140, 3017),
  (41323, 4140, 3001),
  (41324, 4141, 3004),
  (41325, 4141, 3015),
  (41326, 4142, 3016),
  (41327, 4142, 3021),
  (41328, 4143, 3009),
  (41329, 4143, 3001),
  (41330, 4144, 3005),
  (41331, 4144, 3003),
  (41332, 4145, 3005),
  (41333, 4145, 3001),
  (41334, 4146, 3002),
  (41335, 4146, 3010),
  (41336, 4146, 3001),
  (41337, 4147, 3009),
  (41338, 4147, 3001),
  (41339, 4148, 3007),
  (41340, 4148, 3015),
  (41341, 4149, 3017),
  (41342, 4149, 3003),
  (41343, 4149, 3001),
  (41344, 4150, 3004),
  (41345, 4150, 3003),
  (41346, 4151, 3004),
  (41347, 4151, 3006),
  (41348, 4152, 3013),
  (41349, 4152, 3006),
  (41350, 4152, 3001),
  (41351, 4153, 3019),
  (41352, 4153, 3006),
  (41353, 4154, 3022),
  (41354, 4154, 3011),
  (41355, 4155, 3021),
  (41356, 4155, 3008),
  (41357, 4155, 3001),
  (41358, 4156, 3002),
  (41359, 4156, 3010),
  (41360, 4157, 3003),
  (41361, 4157, 3002),
  (41362, 4158, 3002),
  (41363, 4158, 3001),
  (41364, 4159, 3006),
  (41365, 4159, 3011),
  (41366, 4160, 3022),
  (41367, 4160, 3006),
  (41368, 4161, 3012),
  (41369, 4161, 3017),
  (41370, 4161, 3001),
  (41371, 4162, 3012),
  (41372, 4162, 3001),
  (41373, 4163, 3010),
  (41374, 4163, 3009),
  (41375, 4164, 3005),
  (41376, 4164, 3015),
  (41377, 4164, 3001),
  (41378, 4165, 3005),
  (41379, 4165, 3003),
  (41380, 4166, 3006),
  (41381, 4166, 3011),
  (41382, 4167, 3011),
  (41383, 4167, 3006),
  (41384, 4167, 3001),
  (41385, 4168, 3010),
  (41386, 4168, 3012),
  (41387, 4169, 3013),
  (41388, 4169, 3012),
  (41389, 4170, 3003),
  (41390, 4170, 3002),
  (41391, 4170, 3001),
  (41392, 4171, 3007),
  (41393, 4171, 3015),
  (41394, 4172, 3006),
  (41395, 4172, 3018),
  (41396, 4173, 3011),
  (41397, 4173, 3017),
  (41398, 4173, 3001),
  (41399, 4174, 3006),
  (41400, 4174, 3004),
  (41401, 4175, 3005),
  (41402, 4175, 3009),
  (41403, 4176, 3010),
  (41404, 4176, 3002),
  (41405, 4176, 3001),
  (41406, 4177, 3010),
  (41407, 4177, 3002),
  (41408, 4178, 3015),
  (41409, 4178, 3005),
  (41410, 4179, 3007),
  (41411, 4179, 3001),
  (41412, 4180, 3009),
  (41413, 4180, 3001);

INSERT INTO kb_comment (id, article_id, user_id, parent_id, content, status, like_count, create_time, deleted) VALUES
  (44301, 4174, 1121, 0, '写得很实用，一线能用上。', 'NORMAL', 3, DATE_SUB(NOW(), INTERVAL 14 DAY), 0),
  (44302, 4176, 1103, 0, '有个细节想确认一下。', 'NORMAL', 1, DATE_SUB(NOW(), INTERVAL 1 DAY), 0),
  (44303, 4167, 1003, 0, '已收藏，培训用。', 'NORMAL', 3, DATE_SUB(NOW(), INTERVAL 5 DAY), 0),
  (44304, 4138, 1103, 0, '新人必看。', 'NORMAL', 4, DATE_SUB(NOW(), INTERVAL 8 DAY), 0),
  (44305, 4154, 1003, 0, '话术部分能否再口语化？', 'NORMAL', 0, DATE_SUB(NOW(), INTERVAL 17 DAY), 0),
  (44306, 4138, 1121, 0, '写得很实用，一线能用上。', 'NORMAL', 4, DATE_SUB(NOW(), INTERVAL 14 DAY), 0),
  (44307, 4152, 1123, 44302, '有个细节想确认一下。', 'NORMAL', 5, DATE_SUB(NOW(), INTERVAL 13 DAY), 0),
  (44308, 4143, 1124, 0, '写得很实用，一线能用上。', 'NORMAL', 3, DATE_SUB(NOW(), INTERVAL 18 DAY), 0),
  (44309, 4134, 1123, 0, '话术部分能否再口语化？', 'NORMAL', 1, DATE_SUB(NOW(), INTERVAL 10 DAY), 0),
  (44310, 4161, 1101, 0, '话术部分能否再口语化？', 'NORMAL', 6, DATE_SUB(NOW(), INTERVAL 18 DAY), 0),
  (44311, 4165, 1103, 0, '希望加常见问题FAQ。', 'NORMAL', 0, DATE_SUB(NOW(), INTERVAL 3 DAY), 0),
  (44312, 4148, 1125, 0, '案例能否再丰富些？', 'NORMAL', 5, DATE_SUB(NOW(), INTERVAL 18 DAY), 0),
  (44313, 4143, 1125, 0, '建议补一个流程图。', 'NORMAL', 0, DATE_SUB(NOW(), INTERVAL 9 DAY), 0),
  (44314, 4144, 1003, 0, '话术部分能否再口语化？', 'NORMAL', 6, DATE_SUB(NOW(), INTERVAL 3 DAY), 0),
  (44315, 4169, 1122, 44301, '话术部分能否再口语化？', 'NORMAL', 3, DATE_SUB(NOW(), INTERVAL 5 DAY), 0),
  (44316, 4148, 1125, 0, '新人必看。', 'NORMAL', 3, DATE_SUB(NOW(), INTERVAL 9 DAY), 0),
  (44317, 4177, 1123, 0, '写得很实用，一线能用上。', 'NORMAL', 7, DATE_SUB(NOW(), INTERVAL 15 DAY), 0),
  (44318, 4166, 1003, 44314, '新人必看。', 'NORMAL', 5, DATE_SUB(NOW(), INTERVAL 8 DAY), 0),
  (44319, 4169, 1103, 44317, '希望加常见问题FAQ。', 'NORMAL', 1, DATE_SUB(NOW(), INTERVAL 10 DAY), 0),
  (44320, 4153, 1103, 0, '解决了我的疑问。', 'NORMAL', 5, DATE_SUB(NOW(), INTERVAL 19 DAY), 0),
  (44321, 4155, 1124, 0, '新人必看。', 'NORMAL', 2, DATE_SUB(NOW(), INTERVAL 8 DAY), 0),
  (44322, 4167, 1125, 0, '新人必看。', 'NORMAL', 3, DATE_SUB(NOW(), INTERVAL 4 DAY), 0),
  (44323, 4174, 1122, 0, '话术部分能否再口语化？', 'NORMAL', 0, DATE_SUB(NOW(), INTERVAL 20 DAY), 0),
  (44324, 4143, 1003, 0, '话术部分能否再口语化？', 'NORMAL', 0, DATE_SUB(NOW(), INTERVAL 13 DAY), 0),
  (44325, 4168, 1101, 0, '已收藏，培训用。', 'NORMAL', 3, DATE_SUB(NOW(), INTERVAL 18 DAY), 0),
  (44326, 4152, 1123, 0, '解决了我的疑问。', 'NORMAL', 0, DATE_SUB(NOW(), INTERVAL 12 DAY), 0),
  (44327, 4168, 1125, 0, '话术部分能否再口语化？', 'NORMAL', 5, DATE_SUB(NOW(), INTERVAL 10 DAY), 0),
  (44328, 4151, 1123, 0, '建议补一个流程图。', 'NORMAL', 6, DATE_SUB(NOW(), INTERVAL 10 DAY), 0),
  (44329, 4143, 1122, 44324, '话术部分能否再口语化？', 'NORMAL', 7, DATE_SUB(NOW(), INTERVAL 9 DAY), 0),
  (44330, 4131, 1125, 0, '话术部分能否再口语化？', 'NORMAL', 5, DATE_SUB(NOW(), INTERVAL 11 DAY), 0),
  (44331, 4144, 1124, 0, '建议补一个流程图。', 'NORMAL', 2, DATE_SUB(NOW(), INTERVAL 10 DAY), 0),
  (44332, 4148, 1122, 0, '已收藏，培训用。', 'NORMAL', 8, DATE_SUB(NOW(), INTERVAL 3 DAY), 0),
  (44333, 4178, 1121, 0, '写得很实用，一线能用上。', 'NORMAL', 1, DATE_SUB(NOW(), INTERVAL 14 DAY), 0),
  (44334, 4165, 1101, 0, '有个细节想确认一下。', 'NORMAL', 8, DATE_SUB(NOW(), INTERVAL 17 DAY), 0),
  (44335, 4140, 1123, 0, '话术部分能否再口语化？', 'NORMAL', 1, DATE_SUB(NOW(), INTERVAL 17 DAY), 0),
  (44336, 4179, 1003, 0, '写得很实用，一线能用上。', 'NORMAL', 6, DATE_SUB(NOW(), INTERVAL 14 DAY), 0),
  (44337, 4156, 1122, 0, '话术部分能否再口语化？', 'NORMAL', 1, DATE_SUB(NOW(), INTERVAL 1 DAY), 0),
  (44338, 4171, 1121, 44304, '建议补一个流程图。', 'NORMAL', 6, DATE_SUB(NOW(), INTERVAL 6 DAY), 0),
  (44339, 4166, 1101, 0, '和实际业务一致，点赞。', 'NORMAL', 4, DATE_SUB(NOW(), INTERVAL 3 DAY), 0),
  (44340, 4155, 1003, 0, '建议补一个流程图。', 'NORMAL', 5, DATE_SUB(NOW(), INTERVAL 16 DAY), 0),
  (44341, 4138, 1125, 0, '写得很实用，一线能用上。', 'NORMAL', 3, DATE_SUB(NOW(), INTERVAL 20 DAY), 0),
  (44342, 4137, 1123, 0, '建议补一个流程图。', 'NORMAL', 6, DATE_SUB(NOW(), INTERVAL 3 DAY), 0),
  (44343, 4148, 1124, 0, '案例能否再丰富些？', 'NORMAL', 5, DATE_SUB(NOW(), INTERVAL 6 DAY), 0),
  (44344, 4143, 1125, 0, '有个细节想确认一下。', 'NORMAL', 2, DATE_SUB(NOW(), INTERVAL 16 DAY), 0),
  (44345, 4162, 1121, 0, '已收藏，培训用。', 'NORMAL', 1, DATE_SUB(NOW(), INTERVAL 1 DAY), 0),
  (44346, 4156, 1124, 0, '案例能否再丰富些？', 'NORMAL', 5, DATE_SUB(NOW(), INTERVAL 12 DAY), 0),
  (44347, 4133, 1003, 0, '建议补一个流程图。', 'NORMAL', 7, DATE_SUB(NOW(), INTERVAL 17 DAY), 0),
  (44348, 4141, 1121, 44312, '有个细节想确认一下。', 'NORMAL', 2, DATE_SUB(NOW(), INTERVAL 16 DAY), 0),
  (44349, 4151, 1122, 0, '建议补一个流程图。', 'NORMAL', 0, DATE_SUB(NOW(), INTERVAL 6 DAY), 0),
  (44350, 4132, 1121, 0, '新人必看。', 'NORMAL', 3, DATE_SUB(NOW(), INTERVAL 2 DAY), 0),
  (44351, 4161, 1123, 0, '建议补一个流程图。', 'NORMAL', 8, DATE_SUB(NOW(), INTERVAL 2 DAY), 0),
  (44352, 4137, 1125, 0, '建议补一个流程图。', 'NORMAL', 0, DATE_SUB(NOW(), INTERVAL 2 DAY), 0),
  (44353, 4159, 1123, 0, '和实际业务一致，点赞。', 'NORMAL', 2, DATE_SUB(NOW(), INTERVAL 20 DAY), 0),
  (44354, 4163, 1101, 0, '希望加常见问题FAQ。', 'NORMAL', 7, DATE_SUB(NOW(), INTERVAL 10 DAY), 0),
  (44355, 4149, 1103, 0, '和实际业务一致，点赞。', 'NORMAL', 1, DATE_SUB(NOW(), INTERVAL 10 DAY), 0);

INSERT INTO kb_like (id, target_type, target_id, user_id, type, create_time) VALUES
  (45301, 'ARTICLE', 4131, 1003, 1, DATE_SUB(NOW(), INTERVAL 10 DAY)),
  (45302, 'ARTICLE', 4131, 1006, 1, DATE_SUB(NOW(), INTERVAL 12 DAY)),
  (45303, 'ARTICLE', 4131, 1104, 1, DATE_SUB(NOW(), INTERVAL 2 DAY)),
  (45304, 'ARTICLE', 4131, 1106, 1, DATE_SUB(NOW(), INTERVAL 13 DAY)),
  (45305, 'ARTICLE', 4131, 1121, 1, DATE_SUB(NOW(), INTERVAL 10 DAY)),
  (45306, 'ARTICLE', 4131, 1124, 1, DATE_SUB(NOW(), INTERVAL 13 DAY)),
  (45307, 'ARTICLE', 4132, 1122, 1, DATE_SUB(NOW(), INTERVAL 22 DAY)),
  (45308, 'ARTICLE', 4133, 1103, 1, DATE_SUB(NOW(), INTERVAL 2 DAY)),
  (45309, 'ARTICLE', 4133, 1121, 1, DATE_SUB(NOW(), INTERVAL 10 DAY)),
  (45310, 'ARTICLE', 4134, 1003, 1, DATE_SUB(NOW(), INTERVAL 23 DAY)),
  (45311, 'ARTICLE', 4134, 1123, 1, DATE_SUB(NOW(), INTERVAL 18 DAY)),
  (45312, 'ARTICLE', 4134, 1125, 1, DATE_SUB(NOW(), INTERVAL 6 DAY)),
  (45313, 'ARTICLE', 4135, 1121, 1, DATE_SUB(NOW(), INTERVAL 3 DAY)),
  (45314, 'ARTICLE', 4135, 1123, 1, DATE_SUB(NOW(), INTERVAL 3 DAY)),
  (45315, 'ARTICLE', 4135, 1125, 1, DATE_SUB(NOW(), INTERVAL 17 DAY)),
  (45316, 'ARTICLE', 4136, 1003, 1, DATE_SUB(NOW(), INTERVAL 7 DAY)),
  (45317, 'ARTICLE', 4136, 1006, 1, DATE_SUB(NOW(), INTERVAL 4 DAY)),
  (45318, 'ARTICLE', 4136, 1102, 1, DATE_SUB(NOW(), INTERVAL 2 DAY)),
  (45319, 'ARTICLE', 4136, 1123, 1, DATE_SUB(NOW(), INTERVAL 5 DAY)),
  (45320, 'ARTICLE', 4137, 1003, 1, DATE_SUB(NOW(), INTERVAL 20 DAY)),
  (45321, 'ARTICLE', 4137, 1006, 1, DATE_SUB(NOW(), INTERVAL 22 DAY)),
  (45322, 'ARTICLE', 4137, 1123, 1, DATE_SUB(NOW(), INTERVAL 24 DAY)),
  (45323, 'ARTICLE', 4138, 1003, 1, DATE_SUB(NOW(), INTERVAL 4 DAY)),
  (45324, 'ARTICLE', 4139, 1102, 1, DATE_SUB(NOW(), INTERVAL 1 DAY)),
  (45325, 'ARTICLE', 4139, 1103, 1, DATE_SUB(NOW(), INTERVAL 17 DAY)),
  (45326, 'ARTICLE', 4139, 1106, 1, DATE_SUB(NOW(), INTERVAL 17 DAY)),
  (45327, 'ARTICLE', 4139, 1121, 1, DATE_SUB(NOW(), INTERVAL 5 DAY)),
  (45328, 'ARTICLE', 4140, 1006, 1, DATE_SUB(NOW(), INTERVAL 21 DAY)),
  (45329, 'ARTICLE', 4140, 1104, 1, DATE_SUB(NOW(), INTERVAL 5 DAY)),
  (45330, 'ARTICLE', 4140, 1106, 1, DATE_SUB(NOW(), INTERVAL 2 DAY)),
  (45331, 'ARTICLE', 4141, 1123, 1, DATE_SUB(NOW(), INTERVAL 13 DAY)),
  (45332, 'ARTICLE', 4141, 1124, 1, DATE_SUB(NOW(), INTERVAL 22 DAY)),
  (45333, 'ARTICLE', 4142, 1003, 1, DATE_SUB(NOW(), INTERVAL 24 DAY)),
  (45334, 'ARTICLE', 4142, 1006, 1, DATE_SUB(NOW(), INTERVAL 24 DAY)),
  (45335, 'ARTICLE', 4142, 1123, 1, DATE_SUB(NOW(), INTERVAL 11 DAY)),
  (45336, 'ARTICLE', 4142, 1124, 1, DATE_SUB(NOW(), INTERVAL 10 DAY)),
  (45337, 'ARTICLE', 4142, 1125, 1, DATE_SUB(NOW(), INTERVAL 25 DAY)),
  (45338, 'ARTICLE', 4143, 1106, 1, DATE_SUB(NOW(), INTERVAL 25 DAY)),
  (45339, 'ARTICLE', 4144, 1102, 1, DATE_SUB(NOW(), INTERVAL 15 DAY)),
  (45340, 'ARTICLE', 4144, 1121, 1, DATE_SUB(NOW(), INTERVAL 18 DAY)),
  (45341, 'ARTICLE', 4145, 1124, 1, DATE_SUB(NOW(), INTERVAL 9 DAY)),
  (45342, 'ARTICLE', 4145, 1125, 1, DATE_SUB(NOW(), INTERVAL 22 DAY)),
  (45343, 'ARTICLE', 4146, 1101, 1, DATE_SUB(NOW(), INTERVAL 1 DAY)),
  (45344, 'ARTICLE', 4146, 1102, 1, DATE_SUB(NOW(), INTERVAL 18 DAY)),
  (45345, 'ARTICLE', 4146, 1125, 1, DATE_SUB(NOW(), INTERVAL 8 DAY)),
  (45346, 'ARTICLE', 4147, 1104, 1, DATE_SUB(NOW(), INTERVAL 2 DAY)),
  (45347, 'ARTICLE', 4148, 1101, 1, DATE_SUB(NOW(), INTERVAL 25 DAY)),
  (45348, 'ARTICLE', 4148, 1125, 1, DATE_SUB(NOW(), INTERVAL 3 DAY)),
  (45349, 'ARTICLE', 4149, 1006, 1, DATE_SUB(NOW(), INTERVAL 9 DAY)),
  (45350, 'ARTICLE', 4149, 1101, 1, DATE_SUB(NOW(), INTERVAL 5 DAY)),
  (45351, 'ARTICLE', 4149, 1106, 1, DATE_SUB(NOW(), INTERVAL 21 DAY)),
  (45352, 'ARTICLE', 4149, 1124, 1, DATE_SUB(NOW(), INTERVAL 15 DAY)),
  (45353, 'ARTICLE', 4150, 1121, 1, DATE_SUB(NOW(), INTERVAL 19 DAY)),
  (45354, 'ARTICLE', 4150, 1123, 1, DATE_SUB(NOW(), INTERVAL 12 DAY)),
  (45355, 'ARTICLE', 4150, 1124, 1, DATE_SUB(NOW(), INTERVAL 3 DAY)),
  (45356, 'ARTICLE', 4151, 1102, 1, DATE_SUB(NOW(), INTERVAL 16 DAY)),
  (45357, 'ARTICLE', 4151, 1124, 1, DATE_SUB(NOW(), INTERVAL 23 DAY)),
  (45358, 'ARTICLE', 4152, 1003, 1, DATE_SUB(NOW(), INTERVAL 22 DAY)),
  (45359, 'ARTICLE', 4152, 1104, 1, DATE_SUB(NOW(), INTERVAL 6 DAY)),
  (45360, 'ARTICLE', 4152, 1123, 1, DATE_SUB(NOW(), INTERVAL 20 DAY)),
  (45361, 'ARTICLE', 4153, 1122, 1, DATE_SUB(NOW(), INTERVAL 9 DAY)),
  (45362, 'ARTICLE', 4154, 1102, 1, DATE_SUB(NOW(), INTERVAL 1 DAY)),
  (45363, 'ARTICLE', 4154, 1103, 1, DATE_SUB(NOW(), INTERVAL 6 DAY)),
  (45364, 'ARTICLE', 4154, 1121, 1, DATE_SUB(NOW(), INTERVAL 16 DAY)),
  (45365, 'ARTICLE', 4154, 1123, 1, DATE_SUB(NOW(), INTERVAL 13 DAY)),
  (45366, 'ARTICLE', 4155, 1123, 1, DATE_SUB(NOW(), INTERVAL 22 DAY)),
  (45367, 'ARTICLE', 4155, 1124, 1, DATE_SUB(NOW(), INTERVAL 12 DAY)),
  (45368, 'ARTICLE', 4156, 1122, 1, DATE_SUB(NOW(), INTERVAL 3 DAY)),
  (45369, 'ARTICLE', 4157, 1106, 1, DATE_SUB(NOW(), INTERVAL 10 DAY)),
  (45370, 'ARTICLE', 4157, 1125, 1, DATE_SUB(NOW(), INTERVAL 21 DAY)),
  (45371, 'ARTICLE', 4158, 1006, 1, DATE_SUB(NOW(), INTERVAL 6 DAY)),
  (45372, 'ARTICLE', 4158, 1106, 1, DATE_SUB(NOW(), INTERVAL 14 DAY)),
  (45373, 'ARTICLE', 4158, 1123, 1, DATE_SUB(NOW(), INTERVAL 1 DAY)),
  (45374, 'ARTICLE', 4158, 1124, 1, DATE_SUB(NOW(), INTERVAL 14 DAY)),
  (45375, 'ARTICLE', 4160, 1101, 1, DATE_SUB(NOW(), INTERVAL 7 DAY)),
  (45376, 'ARTICLE', 4161, 1003, 1, DATE_SUB(NOW(), INTERVAL 18 DAY)),
  (45377, 'ARTICLE', 4161, 1124, 1, DATE_SUB(NOW(), INTERVAL 18 DAY)),
  (45378, 'ARTICLE', 4162, 1101, 1, DATE_SUB(NOW(), INTERVAL 21 DAY)),
  (45379, 'ARTICLE', 4162, 1121, 1, DATE_SUB(NOW(), INTERVAL 22 DAY)),
  (45380, 'ARTICLE', 4163, 1003, 1, DATE_SUB(NOW(), INTERVAL 16 DAY)),
  (45381, 'ARTICLE', 4163, 1121, 1, DATE_SUB(NOW(), INTERVAL 2 DAY)),
  (45382, 'ARTICLE', 4163, 1124, 1, DATE_SUB(NOW(), INTERVAL 19 DAY)),
  (45383, 'ARTICLE', 4164, 1006, 1, DATE_SUB(NOW(), INTERVAL 25 DAY)),
  (45384, 'ARTICLE', 4165, 1101, 1, DATE_SUB(NOW(), INTERVAL 19 DAY)),
  (45385, 'ARTICLE', 4167, 1103, 1, DATE_SUB(NOW(), INTERVAL 1 DAY)),
  (45386, 'ARTICLE', 4167, 1121, 1, DATE_SUB(NOW(), INTERVAL 13 DAY)),
  (45387, 'ARTICLE', 4167, 1123, 1, DATE_SUB(NOW(), INTERVAL 3 DAY)),
  (45388, 'ARTICLE', 4168, 1102, 1, DATE_SUB(NOW(), INTERVAL 13 DAY)),
  (45389, 'ARTICLE', 4168, 1103, 1, DATE_SUB(NOW(), INTERVAL 3 DAY)),
  (45390, 'ARTICLE', 4168, 1104, 1, DATE_SUB(NOW(), INTERVAL 21 DAY)),
  (45391, 'ARTICLE', 4168, 1122, 1, DATE_SUB(NOW(), INTERVAL 21 DAY)),
  (45392, 'ARTICLE', 4171, 1003, 1, DATE_SUB(NOW(), INTERVAL 1 DAY)),
  (45393, 'ARTICLE', 4171, 1121, 1, DATE_SUB(NOW(), INTERVAL 4 DAY)),
  (45394, 'ARTICLE', 4171, 1122, 1, DATE_SUB(NOW(), INTERVAL 11 DAY)),
  (45395, 'ARTICLE', 4172, 1102, 1, DATE_SUB(NOW(), INTERVAL 23 DAY)),
  (45396, 'ARTICLE', 4172, 1104, 1, DATE_SUB(NOW(), INTERVAL 10 DAY)),
  (45397, 'ARTICLE', 4172, 1124, 1, DATE_SUB(NOW(), INTERVAL 12 DAY)),
  (45398, 'ARTICLE', 4173, 1006, 1, DATE_SUB(NOW(), INTERVAL 2 DAY)),
  (45399, 'ARTICLE', 4174, 1003, 1, DATE_SUB(NOW(), INTERVAL 24 DAY)),
  (45400, 'ARTICLE', 4174, 1006, 1, DATE_SUB(NOW(), INTERVAL 11 DAY)),
  (45401, 'ARTICLE', 4174, 1106, 1, DATE_SUB(NOW(), INTERVAL 15 DAY)),
  (45402, 'ARTICLE', 4174, 1124, 1, DATE_SUB(NOW(), INTERVAL 3 DAY)),
  (45403, 'ARTICLE', 4175, 1003, 1, DATE_SUB(NOW(), INTERVAL 18 DAY)),
  (45404, 'ARTICLE', 4175, 1103, 1, DATE_SUB(NOW(), INTERVAL 18 DAY)),
  (45405, 'ARTICLE', 4175, 1106, 1, DATE_SUB(NOW(), INTERVAL 15 DAY)),
  (45406, 'ARTICLE', 4175, 1124, 1, DATE_SUB(NOW(), INTERVAL 22 DAY)),
  (45407, 'ARTICLE', 4176, 1006, 1, DATE_SUB(NOW(), INTERVAL 23 DAY)),
  (45408, 'ARTICLE', 4176, 1104, 1, DATE_SUB(NOW(), INTERVAL 6 DAY)),
  (45409, 'ARTICLE', 4177, 1101, 1, DATE_SUB(NOW(), INTERVAL 11 DAY)),
  (45410, 'ARTICLE', 4177, 1102, 1, DATE_SUB(NOW(), INTERVAL 4 DAY)),
  (45411, 'ARTICLE', 4178, 1124, 1, DATE_SUB(NOW(), INTERVAL 8 DAY)),
  (45412, 'ARTICLE', 4178, 1125, 1, DATE_SUB(NOW(), INTERVAL 15 DAY)),
  (45413, 'ARTICLE', 4179, 1006, 1, DATE_SUB(NOW(), INTERVAL 15 DAY)),
  (45414, 'ARTICLE', 4179, 1101, 1, DATE_SUB(NOW(), INTERVAL 7 DAY)),
  (45415, 'ARTICLE', 4179, 1121, 1, DATE_SUB(NOW(), INTERVAL 25 DAY)),
  (45416, 'ARTICLE', 4179, 1122, 1, DATE_SUB(NOW(), INTERVAL 22 DAY)),
  (45417, 'ARTICLE', 4179, 1123, 1, DATE_SUB(NOW(), INTERVAL 3 DAY)),
  (45418, 'ARTICLE', 4180, 1121, 1, DATE_SUB(NOW(), INTERVAL 4 DAY)),
  (45419, 'ARTICLE', 4180, 1124, 1, DATE_SUB(NOW(), INTERVAL 8 DAY)),
  (45420, 'ARTICLE', 4180, 1125, 1, DATE_SUB(NOW(), INTERVAL 17 DAY));

INSERT INTO kb_view_log (id, article_id, user_id, client_ip, stay_seconds, create_time) VALUES
  (46301, 4143, 1122, '192.168.3.15', 222, DATE_SUB(NOW(), INTERVAL 2 DAY)),
  (46302, 4153, 1102, '192.168.3.17', 67, DATE_SUB(NOW(), INTERVAL 10 DAY)),
  (46303, 4146, 1101, '192.168.3.21', 124, DATE_SUB(NOW(), INTERVAL 4 DAY)),
  (46304, 4178, 1103, '192.168.3.11', 172, DATE_SUB(NOW(), INTERVAL 12 DAY)),
  (46305, 4173, 1103, '192.168.3.17', 211, DATE_SUB(NOW(), INTERVAL 0 DAY)),
  (46306, 4138, 1102, '192.168.3.11', 43, DATE_SUB(NOW(), INTERVAL 11 DAY)),
  (46307, 4154, 1106, '192.168.3.17', 180, DATE_SUB(NOW(), INTERVAL 3 DAY)),
  (46308, 4133, 1123, '192.168.3.15', 42, DATE_SUB(NOW(), INTERVAL 8 DAY)),
  (46309, 4132, 1106, '192.168.3.13', 42, DATE_SUB(NOW(), INTERVAL 2 DAY)),
  (46310, 4168, 1106, '192.168.3.18', 116, DATE_SUB(NOW(), INTERVAL 12 DAY)),
  (46311, 4167, 1121, '192.168.3.20', 155, DATE_SUB(NOW(), INTERVAL 2 DAY)),
  (46312, 4141, 1121, '192.168.3.14', 195, DATE_SUB(NOW(), INTERVAL 8 DAY)),
  (46313, 4169, 1103, '192.168.3.20', 120, DATE_SUB(NOW(), INTERVAL 8 DAY)),
  (46314, 4135, 1003, '192.168.3.17', 103, DATE_SUB(NOW(), INTERVAL 12 DAY)),
  (46315, 4168, 1125, '192.168.3.24', 260, DATE_SUB(NOW(), INTERVAL 13 DAY)),
  (46316, 4132, 1125, '192.168.3.25', 253, DATE_SUB(NOW(), INTERVAL 0 DAY)),
  (46317, 4140, 1106, '192.168.3.19', 44, DATE_SUB(NOW(), INTERVAL 3 DAY)),
  (46318, 4150, 1122, '192.168.3.13', 48, DATE_SUB(NOW(), INTERVAL 0 DAY)),
  (46319, 4159, 1124, '192.168.3.13', 139, DATE_SUB(NOW(), INTERVAL 3 DAY)),
  (46320, 4172, 1123, '192.168.3.22', 106, DATE_SUB(NOW(), INTERVAL 14 DAY)),
  (46321, 4173, 1121, '192.168.3.13', 130, DATE_SUB(NOW(), INTERVAL 4 DAY)),
  (46322, 4142, 1006, '192.168.3.13', 171, DATE_SUB(NOW(), INTERVAL 7 DAY)),
  (46323, 4174, 1121, '192.168.3.18', 122, DATE_SUB(NOW(), INTERVAL 11 DAY)),
  (46324, 4161, 1106, '192.168.3.16', 79, DATE_SUB(NOW(), INTERVAL 0 DAY)),
  (46325, 4169, 1003, '192.168.3.25', 133, DATE_SUB(NOW(), INTERVAL 4 DAY)),
  (46326, 4139, 1121, '192.168.3.14', 43, DATE_SUB(NOW(), INTERVAL 9 DAY)),
  (46327, 4173, 1122, '192.168.3.15', 107, DATE_SUB(NOW(), INTERVAL 8 DAY)),
  (46328, 4132, 1101, '192.168.3.21', 172, DATE_SUB(NOW(), INTERVAL 2 DAY)),
  (46329, 4156, 1101, '192.168.3.25', 184, DATE_SUB(NOW(), INTERVAL 12 DAY)),
  (46330, 4173, 1102, '192.168.3.20', 181, DATE_SUB(NOW(), INTERVAL 5 DAY)),
  (46331, 4140, 1124, '192.168.3.21', 148, DATE_SUB(NOW(), INTERVAL 14 DAY)),
  (46332, 4163, 1106, '192.168.3.12', 196, DATE_SUB(NOW(), INTERVAL 1 DAY)),
  (46333, 4179, 1101, '192.168.3.20', 197, DATE_SUB(NOW(), INTERVAL 13 DAY)),
  (46334, 4176, 1121, '192.168.3.13', 239, DATE_SUB(NOW(), INTERVAL 9 DAY)),
  (46335, 4165, 1104, '192.168.3.12', 129, DATE_SUB(NOW(), INTERVAL 2 DAY)),
  (46336, 4160, 1103, '192.168.3.13', 182, DATE_SUB(NOW(), INTERVAL 12 DAY)),
  (46337, 4162, 1125, '192.168.3.24', 259, DATE_SUB(NOW(), INTERVAL 8 DAY)),
  (46338, 4142, 1121, '192.168.3.23', 181, DATE_SUB(NOW(), INTERVAL 6 DAY)),
  (46339, 4171, 1122, '192.168.3.21', 234, DATE_SUB(NOW(), INTERVAL 8 DAY)),
  (46340, 4169, 1102, '192.168.3.21', 278, DATE_SUB(NOW(), INTERVAL 13 DAY)),
  (46341, 4165, 1124, '192.168.3.24', 242, DATE_SUB(NOW(), INTERVAL 3 DAY)),
  (46342, 4138, 1121, '192.168.3.21', 257, DATE_SUB(NOW(), INTERVAL 14 DAY)),
  (46343, 4166, 1003, '192.168.3.20', 108, DATE_SUB(NOW(), INTERVAL 4 DAY)),
  (46344, 4146, 1103, '192.168.3.11', 279, DATE_SUB(NOW(), INTERVAL 9 DAY)),
  (46345, 4169, 1125, '192.168.3.21', 206, DATE_SUB(NOW(), INTERVAL 2 DAY)),
  (46346, 4147, 1122, '192.168.3.18', 66, DATE_SUB(NOW(), INTERVAL 2 DAY)),
  (46347, 4138, 1103, '192.168.3.24', 144, DATE_SUB(NOW(), INTERVAL 14 DAY)),
  (46348, 4159, 1121, '192.168.3.11', 119, DATE_SUB(NOW(), INTERVAL 13 DAY)),
  (46349, 4174, 1122, '192.168.3.22', 166, DATE_SUB(NOW(), INTERVAL 13 DAY)),
  (46350, 4154, 1122, '192.168.3.21', 245, DATE_SUB(NOW(), INTERVAL 2 DAY)),
  (46351, 4177, 1124, '192.168.3.23', 173, DATE_SUB(NOW(), INTERVAL 8 DAY)),
  (46352, 4178, 1121, '192.168.3.20', 279, DATE_SUB(NOW(), INTERVAL 10 DAY)),
  (46353, 4169, 1103, '192.168.3.20', 205, DATE_SUB(NOW(), INTERVAL 7 DAY)),
  (46354, 4161, 1123, '192.168.3.12', 125, DATE_SUB(NOW(), INTERVAL 4 DAY)),
  (46355, 4131, 1123, '192.168.3.16', 131, DATE_SUB(NOW(), INTERVAL 12 DAY)),
  (46356, 4142, 1103, '192.168.3.13', 210, DATE_SUB(NOW(), INTERVAL 14 DAY)),
  (46357, 4133, 1123, '192.168.3.14', 152, DATE_SUB(NOW(), INTERVAL 4 DAY)),
  (46358, 4177, 1101, '192.168.3.11', 248, DATE_SUB(NOW(), INTERVAL 7 DAY)),
  (46359, 4158, 1121, '192.168.3.11', 230, DATE_SUB(NOW(), INTERVAL 0 DAY)),
  (46360, 4171, 1123, '192.168.3.21', 198, DATE_SUB(NOW(), INTERVAL 1 DAY)),
  (46361, 4144, 1122, '192.168.3.14', 202, DATE_SUB(NOW(), INTERVAL 14 DAY)),
  (46362, 4176, 1106, '192.168.3.16', 74, DATE_SUB(NOW(), INTERVAL 0 DAY)),
  (46363, 4165, 1003, '192.168.3.21', 149, DATE_SUB(NOW(), INTERVAL 8 DAY)),
  (46364, 4168, 1124, '192.168.3.24', 117, DATE_SUB(NOW(), INTERVAL 6 DAY)),
  (46365, 4145, 1006, '192.168.3.24', 60, DATE_SUB(NOW(), INTERVAL 3 DAY)),
  (46366, 4141, 1125, '192.168.3.25', 43, DATE_SUB(NOW(), INTERVAL 9 DAY)),
  (46367, 4160, 1121, '192.168.3.23', 164, DATE_SUB(NOW(), INTERVAL 4 DAY)),
  (46368, 4180, 1122, '192.168.3.13', 66, DATE_SUB(NOW(), INTERVAL 4 DAY)),
  (46369, 4174, 1125, '192.168.3.13', 258, DATE_SUB(NOW(), INTERVAL 1 DAY)),
  (46370, 4145, 1101, '192.168.3.20', 101, DATE_SUB(NOW(), INTERVAL 8 DAY)),
  (46371, 4178, 1104, '192.168.3.15', 52, DATE_SUB(NOW(), INTERVAL 7 DAY)),
  (46372, 4134, 1003, '192.168.3.11', 244, DATE_SUB(NOW(), INTERVAL 5 DAY)),
  (46373, 4148, 1006, '192.168.3.22', 86, DATE_SUB(NOW(), INTERVAL 1 DAY)),
  (46374, 4132, 1122, '192.168.3.11', 148, DATE_SUB(NOW(), INTERVAL 2 DAY)),
  (46375, 4142, 1122, '192.168.3.23', 270, DATE_SUB(NOW(), INTERVAL 1 DAY)),
  (46376, 4136, 1125, '192.168.3.12', 205, DATE_SUB(NOW(), INTERVAL 12 DAY)),
  (46377, 4175, 1104, '192.168.3.19', 280, DATE_SUB(NOW(), INTERVAL 12 DAY)),
  (46378, 4154, 1125, '192.168.3.21', 217, DATE_SUB(NOW(), INTERVAL 2 DAY)),
  (46379, 4175, 1101, '192.168.3.11', 181, DATE_SUB(NOW(), INTERVAL 12 DAY)),
  (46380, 4168, 1124, '192.168.3.25', 45, DATE_SUB(NOW(), INTERVAL 10 DAY)),
  (46381, 4163, 1101, '192.168.3.19', 196, DATE_SUB(NOW(), INTERVAL 5 DAY)),
  (46382, 4143, 1006, '192.168.3.20', 53, DATE_SUB(NOW(), INTERVAL 10 DAY)),
  (46383, 4137, 1106, '192.168.3.23', 48, DATE_SUB(NOW(), INTERVAL 10 DAY)),
  (46384, 4134, 1003, '192.168.3.16', 166, DATE_SUB(NOW(), INTERVAL 4 DAY)),
  (46385, 4172, 1124, '192.168.3.15', 166, DATE_SUB(NOW(), INTERVAL 11 DAY)),
  (46386, 4173, 1125, '192.168.3.20', 110, DATE_SUB(NOW(), INTERVAL 5 DAY)),
  (46387, 4154, 1122, '192.168.3.18', 97, DATE_SUB(NOW(), INTERVAL 9 DAY)),
  (46388, 4173, 1106, '192.168.3.18', 131, DATE_SUB(NOW(), INTERVAL 7 DAY)),
  (46389, 4147, 1101, '192.168.3.20', 69, DATE_SUB(NOW(), INTERVAL 6 DAY)),
  (46390, 4175, 1121, '192.168.3.13', 204, DATE_SUB(NOW(), INTERVAL 9 DAY)),
  (46391, 4153, 1101, '192.168.3.23', 128, DATE_SUB(NOW(), INTERVAL 14 DAY)),
  (46392, 4180, 1101, '192.168.3.25', 203, DATE_SUB(NOW(), INTERVAL 11 DAY)),
  (46393, 4145, 1122, '192.168.3.24', 176, DATE_SUB(NOW(), INTERVAL 8 DAY)),
  (46394, 4147, 1123, '192.168.3.18', 224, DATE_SUB(NOW(), INTERVAL 6 DAY)),
  (46395, 4145, 1123, '192.168.3.12', 59, DATE_SUB(NOW(), INTERVAL 14 DAY)),
  (46396, 4153, 1125, '192.168.3.15', 244, DATE_SUB(NOW(), INTERVAL 11 DAY)),
  (46397, 4176, 1122, '192.168.3.23', 137, DATE_SUB(NOW(), INTERVAL 10 DAY)),
  (46398, 4175, 1006, '192.168.3.22', 103, DATE_SUB(NOW(), INTERVAL 5 DAY)),
  (46399, 4152, 1006, '192.168.3.15', 265, DATE_SUB(NOW(), INTERVAL 6 DAY)),
  (46400, 4137, 1103, '192.168.3.14', 39, DATE_SUB(NOW(), INTERVAL 13 DAY)),
  (46401, 4172, 1103, '192.168.3.24', 156, DATE_SUB(NOW(), INTERVAL 9 DAY)),
  (46402, 4171, 1003, '192.168.3.17', 114, DATE_SUB(NOW(), INTERVAL 12 DAY)),
  (46403, 4180, 1102, '192.168.3.19', 152, DATE_SUB(NOW(), INTERVAL 12 DAY)),
  (46404, 4163, 1106, '192.168.3.25', 118, DATE_SUB(NOW(), INTERVAL 14 DAY)),
  (46405, 4180, 1104, '192.168.3.13', 56, DATE_SUB(NOW(), INTERVAL 8 DAY)),
  (46406, 4180, 1102, '192.168.3.13', 202, DATE_SUB(NOW(), INTERVAL 11 DAY)),
  (46407, 4133, 1003, '192.168.3.14', 53, DATE_SUB(NOW(), INTERVAL 6 DAY)),
  (46408, 4153, 1003, '192.168.3.24', 235, DATE_SUB(NOW(), INTERVAL 5 DAY)),
  (46409, 4162, 1003, '192.168.3.23', 139, DATE_SUB(NOW(), INTERVAL 13 DAY)),
  (46410, 4177, 1102, '192.168.3.16', 136, DATE_SUB(NOW(), INTERVAL 3 DAY)),
  (46411, 4140, 1006, '192.168.3.25', 95, DATE_SUB(NOW(), INTERVAL 4 DAY)),
  (46412, 4150, 1122, '192.168.3.20', 231, DATE_SUB(NOW(), INTERVAL 12 DAY)),
  (46413, 4158, 1103, '192.168.3.12', 119, DATE_SUB(NOW(), INTERVAL 10 DAY)),
  (46414, 4180, 1102, '192.168.3.18', 155, DATE_SUB(NOW(), INTERVAL 4 DAY)),
  (46415, 4151, 1101, '192.168.3.22', 140, DATE_SUB(NOW(), INTERVAL 3 DAY)),
  (46416, 4167, 1102, '192.168.3.14', 234, DATE_SUB(NOW(), INTERVAL 6 DAY)),
  (46417, 4168, 1124, '192.168.3.11', 188, DATE_SUB(NOW(), INTERVAL 14 DAY)),
  (46418, 4131, 1106, '192.168.3.15', 62, DATE_SUB(NOW(), INTERVAL 2 DAY)),
  (46419, 4134, 1106, '192.168.3.11', 223, DATE_SUB(NOW(), INTERVAL 12 DAY)),
  (46420, 4139, 1124, '192.168.3.16', 277, DATE_SUB(NOW(), INTERVAL 7 DAY)),
  (46421, 4156, 1003, '192.168.3.15', 35, DATE_SUB(NOW(), INTERVAL 10 DAY)),
  (46422, 4175, 1123, '192.168.3.17', 146, DATE_SUB(NOW(), INTERVAL 6 DAY)),
  (46423, 4167, 1104, '192.168.3.24', 53, DATE_SUB(NOW(), INTERVAL 14 DAY)),
  (46424, 4140, 1104, '192.168.3.19', 226, DATE_SUB(NOW(), INTERVAL 3 DAY)),
  (46425, 4158, 1121, '192.168.3.12', 236, DATE_SUB(NOW(), INTERVAL 12 DAY)),
  (46426, 4170, 1104, '192.168.3.24', 221, DATE_SUB(NOW(), INTERVAL 8 DAY)),
  (46427, 4180, 1003, '192.168.3.18', 68, DATE_SUB(NOW(), INTERVAL 8 DAY)),
  (46428, 4170, 1102, '192.168.3.23', 227, DATE_SUB(NOW(), INTERVAL 14 DAY)),
  (46429, 4168, 1106, '192.168.3.18', 84, DATE_SUB(NOW(), INTERVAL 14 DAY)),
  (46430, 4141, 1122, '192.168.3.22', 124, DATE_SUB(NOW(), INTERVAL 13 DAY)),
  (46431, 4180, 1003, '192.168.3.17', 162, DATE_SUB(NOW(), INTERVAL 7 DAY)),
  (46432, 4171, 1122, '192.168.3.12', 36, DATE_SUB(NOW(), INTERVAL 8 DAY)),
  (46433, 4170, 1106, '192.168.3.19', 156, DATE_SUB(NOW(), INTERVAL 12 DAY)),
  (46434, 4178, 1121, '192.168.3.18', 74, DATE_SUB(NOW(), INTERVAL 7 DAY)),
  (46435, 4168, 1101, '192.168.3.25', 127, DATE_SUB(NOW(), INTERVAL 1 DAY)),
  (46436, 4162, 1123, '192.168.3.23', 124, DATE_SUB(NOW(), INTERVAL 4 DAY)),
  (46437, 4140, 1103, '192.168.3.14', 89, DATE_SUB(NOW(), INTERVAL 14 DAY)),
  (46438, 4171, 1122, '192.168.3.13', 209, DATE_SUB(NOW(), INTERVAL 4 DAY)),
  (46439, 4165, 1123, '192.168.3.11', 248, DATE_SUB(NOW(), INTERVAL 14 DAY)),
  (46440, 4135, 1102, '192.168.3.25', 146, DATE_SUB(NOW(), INTERVAL 4 DAY)),
  (46441, 4171, 1106, '192.168.3.23', 260, DATE_SUB(NOW(), INTERVAL 4 DAY)),
  (46442, 4166, 1121, '192.168.3.13', 42, DATE_SUB(NOW(), INTERVAL 5 DAY)),
  (46443, 4132, 1124, '192.168.3.24', 94, DATE_SUB(NOW(), INTERVAL 6 DAY)),
  (46444, 4175, 1103, '192.168.3.13', 87, DATE_SUB(NOW(), INTERVAL 9 DAY)),
  (46445, 4137, 1102, '192.168.3.18', 251, DATE_SUB(NOW(), INTERVAL 1 DAY)),
  (46446, 4164, 1125, '192.168.3.21', 129, DATE_SUB(NOW(), INTERVAL 4 DAY)),
  (46447, 4148, 1125, '192.168.3.21', 60, DATE_SUB(NOW(), INTERVAL 13 DAY)),
  (46448, 4175, 1122, '192.168.3.18', 193, DATE_SUB(NOW(), INTERVAL 14 DAY)),
  (46449, 4147, 1122, '192.168.3.24', 72, DATE_SUB(NOW(), INTERVAL 0 DAY)),
  (46450, 4138, 1101, '192.168.3.22', 95, DATE_SUB(NOW(), INTERVAL 2 DAY));

INSERT INTO kb_search_log (id, user_id, keyword, result_count, client_ip, create_time) VALUES
  (47301, 1121, 'eSIM', 1, '192.168.3.10', DATE_SUB(NOW(), INTERVAL 3 DAY)),
  (47302, 1121, '靓号', 5, '192.168.3.10', DATE_SUB(NOW(), INTERVAL 6 DAY)),
  (47303, 1121, '加餐包', 1, '192.168.3.10', DATE_SUB(NOW(), INTERVAL 5 DAY)),
  (47304, 1121, '靓号', 5, '192.168.3.10', DATE_SUB(NOW(), INTERVAL 1 DAY)),
  (47305, 1122, '反诈', 5, '192.168.3.11', DATE_SUB(NOW(), INTERVAL 2 DAY)),
  (47306, 1122, '移机', 6, '192.168.3.11', DATE_SUB(NOW(), INTERVAL 0 DAY)),
  (47307, 1122, '加餐包', 5, '192.168.3.11', DATE_SUB(NOW(), INTERVAL 2 DAY)),
  (47308, 1122, '靓号', 4, '192.168.3.11', DATE_SUB(NOW(), INTERVAL 2 DAY)),
  (47309, 1123, '合约', 6, '192.168.3.12', DATE_SUB(NOW(), INTERVAL 6 DAY)),
  (47310, 1123, '云盘', 4, '192.168.3.12', DATE_SUB(NOW(), INTERVAL 0 DAY)),
  (47311, 1123, '亲情网', 1, '192.168.3.12', DATE_SUB(NOW(), INTERVAL 3 DAY)),
  (47312, 1123, 'Wi-Fi6', 4, '192.168.3.12', DATE_SUB(NOW(), INTERVAL 3 DAY)),
  (47313, 1124, '销户', 1, '192.168.3.13', DATE_SUB(NOW(), INTERVAL 2 DAY)),
  (47314, 1124, 'VoLTE', 3, '192.168.3.13', DATE_SUB(NOW(), INTERVAL 6 DAY)),
  (47315, 1124, '漫游', 2, '192.168.3.13', DATE_SUB(NOW(), INTERVAL 2 DAY)),
  (47316, 1124, '加餐包', 2, '192.168.3.13', DATE_SUB(NOW(), INTERVAL 3 DAY)),
  (47317, 1125, '满意度', 1, '192.168.3.14', DATE_SUB(NOW(), INTERVAL 3 DAY)),
  (47318, 1125, '云盘', 3, '192.168.3.14', DATE_SUB(NOW(), INTERVAL 5 DAY)),
  (47319, 1125, 'IPTV', 3, '192.168.3.14', DATE_SUB(NOW(), INTERVAL 5 DAY)),
  (47320, 1125, '合约', 1, '192.168.3.14', DATE_SUB(NOW(), INTERVAL 4 DAY));

COMMIT;